<?xml version="1.0" encoding="UTF-8"?>
<skin id="glossyblue" name="GlossyBlue" version="1.7" provider-name="AsFusion" lastModified="2008-SEP-09">
	<description>Design based on GlossyBlue by N.Design Studio design. </description>
	<url></url>
	<author>AsFusion</author>
	<authorUrl>http://www.asfusion.com</authorUrl>
	<designAuthor>N.Design Studio</designAuthor>
	<designAuthorUrl>http://www.ndesign-studio.com/</designAuthorUrl>
	<thumbnail>assets/images/skin_thumbnail.png</thumbnail>
	<preview>http://www.mangoblog.org/themes/preview/glossyblue</preview>
	<requiresVersion match="greaterOrEqual">1.2</requiresVersion>
	<adminEditorCss>assets/styles/adminEditor.css</adminEditorCss>
	<license>Creative Commons Attribution v2.5</license>
	<pageTemplates></pageTemplates>
	<podLocations>
		<location id="sidebar" name="Sidebar">
			<!-- template pods defined in the skin -->
			<pod id="search">Search</pod>
			<pod id="categories">Categories</pod>
			<pod id="monthly-archives">Archives (monthly)</pod>
			<pod id="links-by-category">Links by category</pod>
			<pod id="category-cloud">Category Cloud</pod>
		</location>
		<location id="sidebar-page" name="Page Sidebar">
			<pod id="page-menu">Page Navigation</pod>
			<pod id="search">Search</pod>
			<pod id="categories">Categories</pod>
			<pod id="monthly-archives">Archives (monthly)</pod>
			<pod id="links-by-category">Links by category</pod>
			<pod id="category-cloud">Category Cloud</pod>
		</location>
	</podLocations>
</skin>